{"cameraMode":{"drawMode":0,"name":"Shaded","section":"Shading Mode"},"sceneLighting":false,"audioPlay":false,"sceneViewState":{"showFog":true,"showMaterialUpdate":false,"showSkybox":true,"showFlares":true,"showImageEffects":true,"showParticleSystems":true},"in2DMode":false,"pivot":{"x":5.333931922912598,"y":1.863985538482666,"z":-1.137223243713379},"rotation":{"x":0.23427443206310273,"y":-0.20097611844539643,"z":0.04956677183508873,"w":0.9498815536499023},"size":3.6254374980926515,"orthographic":false}