{"cameraMode":{"drawMode":0,"name":"Shaded","section":"Shading Mode"},"sceneLighting":false,"audioPlay":false,"sceneViewState":{"showFog":true,"showMaterialUpdate":false,"showSkybox":true,"showFlares":true,"showImageEffects":true,"showParticleSystems":true},"in2DMode":false,"pivot":{"x":-0.0912725031375885,"y":-2.4468564987182619,"z":8.854435920715332},"rotation":{"x":-0.26186004281044009,"y":-0.07689027488231659,"z":0.020935937762260438,"w":-0.9618357419967651},"size":20.004003524780275,"orthographic":false}