{"cameraMode":{"drawMode":0,"name":"Shaded","section":"Shading Mode"},"sceneLighting":false,"audioPlay":false,"sceneViewState":{"showFog":true,"showMaterialUpdate":false,"showSkybox":true,"showFlares":true,"showImageEffects":true,"showParticleSystems":true},"in2DMode":false,"pivot":{"x":-25.809507369995118,"y":-2.39784574508667,"z":-21.557994842529298},"rotation":{"x":0.3301940858364105,"y":-0.28790199756622317,"z":0.10650119930505753,"w":0.8926113247871399},"size":54.15532302856445,"orthographic":false}