{"cameraMode":{"drawMode":0,"name":"Shaded","section":"Shading Mode"},"sceneLighting":false,"audioPlay":false,"sceneViewState":{"showFog":true,"showMaterialUpdate":false,"showSkybox":true,"showFlares":true,"showImageEffects":true,"showParticleSystems":true},"in2DMode":false,"pivot":{"x":1.364461898803711,"y":0.8909770250320435,"z":-2.792843818664551},"rotation":{"x":0.004151133354753256,"y":-0.9230242371559143,"z":0.3846127688884735,"w":0.009961191564798355},"size":73.54324340820313,"orthographic":false}