{"cameraMode":{"drawMode":0,"name":"Shaded","section":"Shading Mode"},"sceneLighting":false,"audioPlay":false,"sceneViewState":{"showFog":true,"showMaterialUpdate":false,"showSkybox":true,"showFlares":true,"showImageEffects":true,"showParticleSystems":true},"in2DMode":false,"pivot":{"x":6.976384162902832,"y":2.2599313259124758,"z":2.5190587043762209},"rotation":{"x":0.09478291124105454,"y":-0.16791343688964845,"z":0.01622036285698414,"w":0.9811049103736877},"size":6.989700794219971,"orthographic":false}